"term","sentiment"
"abandon","-40"
"abandoned","-40"
"abandons","-40"
"abducted","-40"
"abduction","-40"
"abductions","-40"
"abhor","-60"
"abhorred","-60"
"abhorrent","-60"
"abhors","-60"
"abilities","40"
"ability","40"
"aboard","20"
"aborted","-20"
"aborts","-20"
"absentee","-20"
"absentees","-20"
"absolve","40"
"absolved","40"
"absolves","40"
"absolving","40"
"absorbed","20"
"abuse","-60"
"abused","-60"
"abuses","-60"
"abusing","-60"
"abusive","-60"
"accept","20"
"acceptable","20"
"acceptance","20"
"accepted","20"
"accepting","20"
"accepts","20"
"accessible","20"
"accident","-40"
"accidental","-40"
"accidentally","-40"
"accidents","-40"
"acclaim","40"
"acclaimed","40"
"accolade","40"
"accomplish","40"
"accomplished","40"
"accomplishes","40"
"accomplishment","40"
"accomplishments","40"
"accusation","-40"
"accusations","-40"
"accuse","-40"
"accused","-40"
"accuses","-40"
"accusing","-40"
"ache","-40"
"achievable","20"
"aching","-40"
"acquit","40"
"acquits","40"
"acquitted","40"
"acquitting","40"
"acrimonious","-60"
"active","20"
"adequate","20"
"admire","60"
"admired","60"
"admires","60"
"admiring","60"
"admit","-20"
"admits","-20"
"admitted","-20"
"admonish","-40"
"admonished","-40"
"adopt","20"
"adopts","20"
"adorable","60"
"adoration","60"
"adore","60"
"adored","60"
"adores","60"
"adoring","60"
"adoringly","60"
"advanced","20"
"advantage","40"
"advantageous","40"
"advantageously","40"
"advantages","40"
"adventure","40"
"adventures","40"
"adventurous","40"
"adversary","-20"
"advisable","20"
"affected","-20"
"affection","60"
"affectionate","60"
"affectionateness","60"
"afflicted","-20"
"affordable","40"
"affronted","-20"
"aficionados","40"
"afraid","-40"
"aggravate","-40"
"aggravated","-40"
"aggravates","-40"
"aggravating","-40"
"aggression","-40"
"aggressions","-40"
"aggressive","-40"
"aggressiveness","-40"
"aghast","-40"
"agog","40"
"agonise","-60"
"agonised","-60"
"agonises","-60"
"agonising","-60"
"agonize","-60"
"agonized","-60"
"agonizes","-60"
"agonizing","-60"
"agree","20"
"agreeable","40"
"agreed","20"
"agreement","20"
"agrees","20"
"alarm","-40"
"alarmed","-40"
"alarmist","-40"
"alarmists","-40"
"alas","-20"
"alert","-20"
"alienation","-40"
"alive","20"
"allegation","-40"
"allegations","-40"
"allergic","-40"
"allow","20"
"ally","40"
"alone","-40"
"altruistic","40"
"amaze","40"
"amazed","40"
"amazes","40"
"amazing","80"
"ambitious","40"
"ambivalent","-20"
"amicable","40"
"amuse","60"
"amused","60"
"amusement","60"
"amusements","60"
"anger","-60"
"angered","-60"
"angers","-60"
"angry","-60"
"anguish","-60"
"anguished","-60"
"animosity","-40"
"annoy","-40"
"annoyance","-40"
"annoyed","-40"
"annoying","-40"
"annoys","-40"
"antagonistic","-40"
"anti","-20"
"anticipation","20"
"anxiety","-40"
"anxious","-40"
"apathetic","-60"
"apathy","-60"
"apeshit","-60"
"apocalyptic","-40"
"apologise","-20"
"apologised","-20"
"apologises","-20"
"apologising","-20"
"apologize","-20"
"apologized","-20"
"apologizes","-20"
"apologizing","-20"
"apology","-20"
"appalled","-40"
"appalling","-40"
"appealing","40"
"appease","40"
"appeased","40"
"appeases","40"
"appeasing","40"
"applaud","40"
"applauded","40"
"applauding","40"
"applauds","40"
"applause","40"
"appreciate","40"
"appreciated","40"
"appreciates","40"
"appreciating","40"
"appreciation","40"
"apprehensive","-40"
"appropriate","40"
"appropriately","40"
"approval","40"
"approved","40"
"approves","40"
"ardent","20"
"arrest","-40"
"arrested","-60"
"arrests","-40"
"arrogant","-40"
"arsehole","-80"
"ashame","-40"
"ashamed","-40"
"ass","-80"
"assassination","-60"
"assassinations","-60"
"assault","-40"
"assaults","-40"
"asset","40"
"assets","40"
"assfucking","-80"
"asshole","-80"
"astonished","40"
"astound","60"
"astounded","60"
"astounding","60"
"astoundingly","60"
"astounds","60"
"atrocious","-60"
"atrocity","-60"
"attack","-20"
"attacked","-20"
"attacking","-20"
"attacks","-20"
"attract","20"
"attracted","20"
"attracting","40"
"attraction","40"
"attractions","40"
"attractive","40"
"attractively","40"
"attractiveness","40"
"attracts","20"
"audacious","60"
"aura","20"
"authority","20"
"avenge","-40"
"avenged","-40"
"avenger","-40"
"avengers","-40"
"avenges","-40"
"avenging","-40"
"avert","-20"
"averted","-20"
"averts","-20"
"avid","40"
"avoid","-20"
"avoided","-20"
"avoids","-20"
"await","-20"
"awaited","-20"
"awaits","-20"
"award","60"
"awarded","60"
"awards","60"
"awesome","80"
"awful","-60"
"awkward","-40"
"axe","-20"
"axed","-20"
"backed","20"
"backing","40"
"backs","20"
"bad","-60"
"bad luck","-40"
"badass","-60"
"badly","-60"
"badness","-60"
"bailout","-40"
"balanced","20"
"bamboozle","-40"
"bamboozled","-40"
"bamboozles","-40"
"ban","-40"
"banish","-20"
"bankrupt","-60"
"bankruptcy","-60"
"bankster","-60"
"banned","-40"
"barbarian","-40"
"barbaric","-40"
"barbarous","-40"
"bargain","40"
"barrier","-40"
"bastard","-100"
"bastards","-100"
"battle","-20"
"battled","-20"
"battles","-20"
"battling","-40"
"beaten","-40"
"beatific","60"
"beating","-20"
"beauties","60"
"beautiful","60"
"beautifully","60"
"beautify","60"
"beauty","60"
"befit","40"
"befitting","40"
"belittle","-40"
"belittled","-40"
"beloved","60"
"benefactor","40"
"benefactors","40"
"benefit","40"
"benefits","40"
"benefitted","40"
"benefitting","40"
"benevolent","60"
"bereave","-40"
"bereaved","-40"
"bereaves","-40"
"bereaving","-40"
"best","60"
"best damn","80"
"betray","-60"
"betrayal","-60"
"betrayed","-60"
"betraying","-60"
"betrays","-60"
"better","40"
"bias","-20"
"biased","-40"
"big","20"
"bitch","-100"
"bitches","-100"
"bitter","-40"
"bitterest","-40"
"bitterly","-40"
"bizarre","-40"
"blackmail","-60"
"blackmailed","-60"
"blackmailing","-60"
"blackmails","-60"
"blah","-40"
"blame","-40"
"blamed","-40"
"blames","-40"
"blaming","-40"
"bless","40"
"blesses","40"
"blessing","60"
"blessings","60"
"blind","-20"
"bliss","60"
"blissful","60"
"blithe","40"
"bloated","-20"
"block","-20"
"blockade","-40"
"blockbuster","60"
"blocked","-20"
"blocking","-20"
"blocks","-20"
"bloody","-60"
"blurry","-40"
"boastful","-40"
"bold","40"
"boldly","40"
"bomb","-20"
"boost","20"
"boosted","20"
"boosting","20"
"boosts","20"
"bore","-40"
"bored","-40"
"boring","-60"
"bother","-40"
"bothered","-40"
"bothers","-40"
"bothersome","-40"
"boycott","-40"
"boycotted","-40"
"boycotting","-40"
"boycotts","-40"
"brainwashing","-60"
"brave","40"
"braveness","40"
"bravery","40"
"bravura","60"
"breach","-40"
"breached","-40"
"breaches","-40"
"breaching","-40"
"breakthrough","60"
"breathtaking","100"
"bribe","-60"
"bribed","-60"
"bribes","-60"
"bribing","-60"
"bright","20"
"brightest","40"
"brightness","20"
"brilliant","80"
"brilliance","60"
"brilliances","60"
"brisk","40"
"broke","-20"
"broken","-20"
"brooding","-40"
"brutal","-60"
"brutally","-60"
"bullied","-40"
"bullshit","-80"
"bully","-40"
"bullying","-40"
"bummer","-40"
"buoyant","40"
"burden","-40"
"burdened","-40"
"burdening","-40"
"burdens","-40"
"burglar","-40"
"burglary","-40"
"calm","40"
"calmed","40"
"calming","40"
"calms","40"
"can't stand","-60"
"cancel","-20"
"cancelled","-20"
"cancelling","-20"
"cancels","-20"
"cancer","-20"
"capabilities","20"
"capability","20"
"capable","20"
"captivated","60"
"care","40"
"carefree","20"
"careful","40"
"carefully","40"
"carefulness","40"
"careless","-40"
"cares","40"
"caring","40"
"cashing in","-40"
"casualty","-40"
"catastrophe","-60"
"catastrophic","-80"
"cautious","-20"
"celebrate","60"
"celebrated","60"
"celebrates","60"
"celebrating","60"
"celebration","60"
"celebrations","60"
"censor","-40"
"censored","-40"
"censors","-40"
"certain","20"
"chagrin","-40"
"chagrined","-40"
"challenge","-20"
"champion","40"
"championed","40"
"champions","40"
"chance","40"
"chances","40"
"chaos","-40"
"chaotic","-40"
"charged","-60"
"charges","-40"
"charisma","40"
"charitable","40"
"charm","60"
"charming","60"
"charmingly","60"
"charmless","-60"
"chastise","-60"
"chastised","-60"
"chastises","-60"
"chastising","-60"
"cheat","-60"
"cheated","-60"
"cheater","-60"
"cheaters","-60"
"cheating","-60"
"cheats","-60"
"cheer","40"
"cheered","40"
"cheerful","40"
"cheerfully","40"
"cheering","40"
"cheerless","-40"
"cheers","40"
"cheery","60"
"cherish","40"
"cherished","40"
"cherishes","40"
"cherishing","40"
"chic","40"
"chide","-60"
"chided","-60"
"chides","-60"
"chiding","-60"
"childish","-40"
"chilling","-20"
"choke","-40"
"choked","-40"
"chokes","-40"
"choking","-40"
"clarifies","40"
"clarity","40"
"clash","-40"
"classy","60"
"clean","40"
"cleaner","40"
"clear","20"
"cleared","20"
"clearly","20"
"clears","20"
"clever","40"
"clouded","-20"
"clueless","-40"
"cock","-100"
"cocksucker","-100"
"cocksuckers","-100"
"cocky","-40"
"coerced","-40"
"coercion","-40"
"collapse","-40"
"collapsed","-40"
"collapses","-40"
"collapsing","-40"
"collide","-20"
"collides","-20"
"colliding","-20"
"collision","-40"
"collisions","-40"
"colluding","-60"
"combat","-20"
"combats","-20"
"comedy","20"
"comfort","40"
"comfortable","40"
"comfortably","40"
"comforting","40"
"comforts","40"
"comic","20"
"commend","40"
"commended","40"
"commit","20"
"commitment","40"
"commits","20"
"committed","20"
"committing","20"
"compassion","40"
"compassionate","40"
"compelled","20"
"competencies","20"
"competent","40"
"competitive","40"
"complacent","-40"
"complain","-40"
"complained","-40"
"complaining","-40"
"complains","-40"
"complaint","-40"
"complaints","-40"
"complicating","-40"
"compliment","40"
"complimented","40"
"compliments","40"
"comprehensive","40"
"concerned","-40"
"conciliate","40"
"conciliated","40"
"conciliates","40"
"conciliating","40"
"condemn","-40"
"condemnation","-40"
"condemned","-40"
"condemns","-40"
"confidence","40"
"confident","40"
"confidently","40"
"conflict","-40"
"conflicting","-40"
"conflictive","-40"
"conflicts","-40"
"confuse","-40"
"confused","-40"
"confusing","-40"
"congrats","40"
"congratulate","40"
"congratulation","40"
"congratulations","40"
"consent","40"
"consents","40"
"consolable","40"
"conspiracy","-60"
"constipation","-40"
"constrained","-40"
"contagion","-40"
"contagions","-40"
"contagious","-20"
"contaminant","-40"
"contaminants","-40"
"contaminate","-40"
"contaminated","-40"
"contaminates","-40"
"contaminating","-40"
"contamination","-40"
"contaminations","-40"
"contempt","-40"
"contemptible","-40"
"contemptuous","-40"
"contemptuously","-40"
"contend","-20"
"contender","-20"
"contending","-20"
"contentious","-40"
"contestable","-40"
"controversial","-40"
"controversially","-40"
"controversies","-40"
"controversy","-40"
"convicted","-40"
"convince","20"
"convinced","20"
"convinces","20"
"convivial","40"
"cool","20"
"cool stuff","60"
"cornered","-40"
"corpse","-20"
"corrupt","-60"
"corrupted","-60"
"corrupting","-60"
"corruption","-60"
"corrupts","-60"
"costly","-40"
"courage","40"
"courageous","40"
"courageously","40"
"courageousness","40"
"courteous","40"
"courtesy","40"
"cover-up","-60"
"coward","-40"
"cowardly","-40"
"coziness","40"
"cramp","-20"
"crap","-60"
"crappy","-60"
"crash","-40"
"crazier","-40"
"craziest","-40"
"crazy","-40"
"creative","40"
"crestfallen","-40"
"cried","-40"
"cries","-40"
"crime","-60"
"crimes","-60"
"criminal","-60"
"criminals","-60"
"criminate","-60"
"criminated","-60"
"criminates","-60"
"crisis","-60"
"critic","-40"
"criticise","-40"
"criticised","-40"
"criticises","-40"
"criticising","-40"
"criticism","-40"
"criticize","-40"
"criticized","-40"
"criticizes","-40"
"criticizing","-40"
"critics","-40"
"critique","-40"
"crowding","-20"
"crude","-20"
"cruel","-60"
"cruelty","-60"
"crush","-20"
"crushed","-40"
"crushes","-20"
"crushing","-20"
"cry","-20"
"crying","-40"
"cunning","40"
"cunt","-100"
"curious","20"
"curse","-20"
"cut","-20"
"cutback","-40"
"cutbacks","-40"
"cute","40"
"cuts","-20"
"cutting","-20"
"cynic","-40"
"cynical","-40"
"cynicism","-40"
"damage","-60"
"damaged","-60"
"damages","-60"
"damaging","-60"
"damn","-40"
"damn cute","60"
"damn good","80"
"damned","-80"
"damnit","-80"
"danger","-40"
"dangerous","-40"
"dangerously","-40"
"daredevil","40"
"daring","40"
"darkest","-40"
"darkness","-20"
"dauntless","40"
"dazzling","60"
"dead","-60"
"deadening","-40"
"deadlock","-40"
"deadly","-60"
"deafening","-20"
"dear","40"
"dearly","60"
"death","-40"
"deaths","-40"
"debonair","40"
"debt","-40"
"deceit","-60"
"deceitful","-60"
"deceive","-60"
"deceived","-60"
"deceives","-60"
"deceiving","-60"
"deception","-60"
"deceptive","-60"
"decisive","20"
"dedicated","40"
"dedication","40"
"defeat","-40"
"defeated","-40"
"defect","-60"
"defective","-60"
"defects","-60"
"defender","40"
"defenders","40"
"defenseless","-40"
"defer","-20"
"deferring","-20"
"defiant","-20"
"deficient","-40"
"deficiency","-40"
"deficiencies","-40"
"deficit","-40"
"deformed","-40"
"deformities","-40"
"deformity","-40"
"defraud","-60"
"defrauds","-60"
"deft","40"
"defunct","-40"
"degrade","-40"
"degraded","-40"
"degrades","-40"
"dehumanize","-40"
"dehumanized","-40"
"dehumanizes","-40"
"dehumanizing","-40"
"deject","-40"
"dejected","-40"
"dejecting","-40"
"dejects","-40"
"delay","-20"
"delayed","-20"
"delectable","60"
"delicious","60"
"delight","60"
"delighted","60"
"delightful","60"
"delightfully","60"
"delighting","60"
"delights","60"
"demand","-20"
"demanded","-20"
"demanding","-20"
"demands","-20"
"demonstration","-20"
"demoralize","-40"
"demoralized","-40"
"demoralizes","-40"
"demoralizing","-40"
"denial","-40"
"denials","-40"
"denied","-40"
"denier","-40"
"deniers","-40"
"denies","-40"
"denounce","-40"
"denounces","-40"
"dent","-40"
"deny","-40"
"denying","-40"
"deplore","-60"
"deplored","-60"
"deplores","-60"
"deploring","-60"
"deport","-40"
"deported","-40"
"deporting","-40"
"deports","-40"
"deportation","-40"
"deportations","-40"
"depressed","-40"
"depressing","-40"
"deprivation","-60"
"derail","-40"
"derailed","-40"
"derails","-40"
"derelict","-40"
"deride","-40"
"derided","-40"
"derides","-40"
"deriding","-40"
"derision","-40"
"desirable","40"
"desire","20"
"desired","40"
"desirous","40"
"despair","-60"
"despairing","-60"
"despairs","-60"
"desperate","-60"
"desperately","-60"
"despondent","-60"
"destroy","-60"
"destroyed","-60"
"destroying","-60"
"destroys","-60"
"destruction","-60"
"destructive","-60"
"detached","-20"
"detain","-40"
"detained","-40"
"detention","-40"
"deteriorate","-40"
"deteriorated","-40"
"deteriorates","-40"
"deteriorating","-40"
"determined","40"
"deterrent","-40"
"detract","-20"
"detracted","-20"
"detracts","-20"
"devastate","-40"
"devastated","-40"
"devastating","-40"
"devastation","-40"
"devastations","-40"
"devoted","60"
"devotion","40"
"devotional","40"
"diamond","20"
"dick","-80"
"dickhead","-80"
"die","-60"
"died","-60"
"difficult","-20"
"diffident","-40"
"dignity","40"
"dilemma","-20"
"dilligence","40"
"dipshit","-60"
"dire","-60"
"direful","-60"
"dirt","-40"
"dirtier","-40"
"dirtiest","-40"
"dirty","-40"
"disabilities","-40"
"disability","-40"
"disabling","-20"
"disadvantage","-40"
"disadvantaged","-40"
"disagree","-40"
"disagreeable","-40"
"disagreement","-40"
"disappear","-20"
"disappeared","-20"
"disappears","-20"
"disappoint","-40"
"disappointed","-40"
"disappointing","-40"
"disappointment","-40"
"disappointments","-40"
"disappoints","-40"
"disapproval","-40"
"disapprovals","-40"
"disapprove","-40"
"disapproved","-40"
"disapproves","-40"
"disapproving","-40"
"disaster","-40"
"disasters","-40"
"disastrous","-60"
"disbelieve","-40"
"discard","-20"
"discarded","-20"
"discarding","-20"
"discards","-20"
"discernment","40"
"discomfort","-40"
"disconsolate","-40"
"disconsolation","-40"
"discontented","-40"
"discord","-40"
"discounted","-20"
"discouraged","-40"
"discredited","-40"
"discriminate","-40"
"discriminated","-40"
"discriminates","-40"
"discriminating","-40"
"discriminatory","-40"
"disdain","-40"
"disease","-20"
"diseases","-20"
"disgrace","-40"
"disgraced","-40"
"disguise","-20"
"disguised","-20"
"disguises","-20"
"disguising","-20"
"disgust","-60"
"disgusted","-60"
"disgustful","-60"
"disgusting","-60"
"disheartened","-40"
"dishonest","-40"
"disillusioned","-40"
"disinclined","-40"
"disjointed","-40"
"dislike","-40"
"disliked","-40"
"dislikes","-40"
"dismal","-40"
"dismayed","-40"
"dismissed","-40"
"disorder","-40"
"disorders","-40"
"disorganized","-40"
"disoriented","-40"
"disparage","-40"
"disparaged","-40"
"disparages","-40"
"disparaging","-40"
"displeased","-40"
"displeasure","-40"
"disproportionate","-40"
"dispute","-40"
"disputed","-40"
"disputes","-40"
"disputing","-40"
"disqualified","-40"
"disquiet","-40"
"disregard","-40"
"disregarded","-40"
"disregarding","-40"
"disregards","-40"
"disrespect","-40"
"disrespected","-40"
"disrupt","-40"
"disrupted","-40"
"disrupting","-40"
"disruption","-40"
"disruptions","-40"
"disruptive","-40"
"disrupts","-40"
"dissatisfied","-40"
"distasteful","-40"
"distinguished","40"
"distort","-40"
"distorted","-40"
"distorting","-40"
"distorts","-40"
"distract","-40"
"distracted","-40"
"distraction","-40"
"distracts","-40"
"distress","-40"
"distressed","-40"
"distresses","-40"
"distressing","-40"
"distrust","-60"
"distrustful","-60"
"disturb","-40"
"disturbed","-40"
"disturbing","-40"
"disturbs","-40"
"dithering","-40"
"diverting","-20"
"dizzy","-20"
"dodging","-40"
"dodgy","-40"
"does not work","-60"
"dolorous","-40"
"donate","40"
"donated","40"
"donates","40"
"donating","40"
"donation","40"
"dont like","-40"
"doom","-40"
"doomed","-40"
"doubt","-20"
"doubted","-20"
"doubtful","-20"
"doubting","-20"
"doubts","-20"
"douche","-60"
"douchebag","-60"
"dour","-40"
"downcast","-40"
"downer","-40"
"downhearted","-40"
"downside","-40"
"drag","-20"
"dragged","-20"
"drags","-20"
"drained","-40"
"dread","-40"
"dreaded","-40"
"dreadful","-60"
"dreading","-40"
"dream","20"
"dreams","20"
"dreary","-40"
"droopy","-40"
"drop","-20"
"dropped","-20"
"drown","-40"
"drowned","-40"
"drowns","-40"
"drudgery","-40"
"drunk","-40"
"dubious","-40"
"dud","-40"
"dull","-40"
"dumb","-60"
"dumbass","-60"
"dump","-20"
"dumped","-40"
"dumps","-20"
"dupe","-40"
"duped","-40"
"dupery","-40"
"durable","40"
"dying","-60"
"dysfunction","-40"
"eager","40"
"earnest","40"
"ease","40"
"easy","20"
"ecstatic","80"
"eerie","-40"
"eery","-40"
"effective","40"
"effectively","40"
"effectiveness","40"
"effortlessly","40"
"elated","60"
"elation","60"
"elegant","40"
"elegantly","40"
"embarrass","-40"
"embarrassed","-40"
"embarrasses","-40"
"embarrassing","-40"
"embarrassment","-40"
"embezzlement","-60"
"embittered","-40"
"embrace","20"
"emergency","-40"
"empathetic","40"
"empower","40"
"empowerment","40"
"emptiness","-20"
"empty","-20"
"enchanted","40"
"encourage","40"
"encouraged","40"
"encouragement","40"
"encourages","40"
"encouraging","40"
"endorse","40"
"endorsed","40"
"endorsement","40"
"endorses","40"
"enemies","-40"
"enemy","-40"
"energetic","40"
"engage","20"
"engages","20"
"engrossed","20"
"engrossing","60"
"enjoy","40"
"enjoyable","40"
"enjoyed","40"
"enjoying","40"
"enjoys","40"
"enlighten","40"
"enlightened","40"
"enlightening","40"
"enlightens","40"
"ennui","-40"
"enrage","-40"
"enraged","-40"
"enrages","-40"
"enraging","-40"
"enrapture","60"
"enslave","-40"
"enslaved","-40"
"enslaves","-40"
"ensure","20"
"ensuring","20"
"enterprising","20"
"entertaining","40"
"enthral","60"
"enthusiastic","60"
"entitled","20"
"entrusted","40"
"envies","-20"
"envious","-40"
"environment-friendly","40"
"envy","-20"
"envying","-20"
"erroneous","-40"
"error","-40"
"errors","-40"
"escape","-20"
"escapes","-20"
"escaping","-20"
"esteem","40"
"esteemed","40"
"ethical","40"
"euphoria","60"
"euphoric","80"
"evacuate","-20"
"evacuated","-20"
"evacuates","-20"
"evacuating","-20"
"evacuation","-20"
"evergreen","40"
"evergreens","40"
"evergreening","-60"
"eviction","-20"
"evil","-60"
"exacerbate","-40"
"exacerbated","-40"
"exacerbates","-40"
"exacerbating","-40"
"exaggerate","-40"
"exaggerated","-40"
"exaggerates","-40"
"exaggerating","-40"
"exasparate","-40"
"exasperated","-40"
"exasperates","-40"
"exasperating","-40"
"excellence","60"
"excellent","60"
"excite","60"
"excited","60"
"excitement","60"
"exciting","60"
"exclude","-20"
"excluded","-40"
"exclusion","-20"
"exclusive","40"
"excruciatingly","-20"
"excuse","-20"
"exempt","-20"
"exhausted","-40"
"exhilarated","60"
"exhilarates","60"
"exhilarating","60"
"exonerate","40"
"exonerated","40"
"exonerates","40"
"exonerating","40"
"expand","20"
"expands","20"
"expel","-40"
"expelled","-40"
"expelling","-40"
"expels","-40"
"expertly","40"
"exploit","-40"
"exploited","-40"
"exploiting","-40"
"exploits","-40"
"exploration","20"
"explorations","20"
"expose","-20"
"exposed","-20"
"exposes","-20"
"exposing","-20"
"exquisite","60"
"extend","20"
"extends","20"
"extremist","-40"
"extremists","-40"
"exuberant","80"
"exultant","60"
"exultantly","60"
"fabulous","80"
"fabulously","80"
"fad","-40"
"fag","-60"
"faggot","-60"
"faggots","-60"
"fail","-40"
"failed","-40"
"failing","-40"
"fails","-40"
"failure","-40"
"failures","-40"
"fainthearted","-40"
"fair","40"
"fairness","40"
"faith","20"
"faithful","60"
"fake","-60"
"faker","-60"
"fakes","-60"
"faking","-60"
"fallen","-40"
"falling","-20"
"false","-20"
"falsely","-40"
"falsified","-60"
"falsify","-60"
"fame","20"
"famine","-40"
"famous","40"
"fan","60"
"fantastic","80"
"farce","-20"
"fascinate","60"
"fascinated","60"
"fascinates","60"
"fascinating","60"
"fascination","60"
"fascist","-40"
"fascists","-40"
"fatal","-60"
"fatalities","-60"
"fatality","-60"
"fatigue","-40"
"fatigued","-40"
"fatigues","-40"
"fatiguing","-40"
"favor","40"
"favorable","40"
"favorably","40"
"favored","40"
"favorite","40"
"favorited","40"
"favorites","40"
"favors","40"
"favour","40"
"favourable","40"
"favourably","40"
"favoured","40"
"favourite","40"
"favourited","40"
"favourites","40"
"favours","40"
"fear","-40"
"fearful","-40"
"fearfully","-40"
"fearing","-40"
"fearless","40"
"fearlessness","40"
"fearsome","-40"
"fed up","-60"
"feeble","-40"
"feeling","20"
"felonies","-60"
"felony","-60"
"fertile","40"
"fervent","40"
"fervid","40"
"festive","40"
"fever","-40"
"fiasco","-60"
"fidgety","-40"
"fight","-20"
"fighting","-40"
"fine","40"
"fines","-40"
"finest","60"
"fire","-40"
"fired","-40"
"firing","-40"
"fit","20"
"fitness","20"
"filth","-40"
"filthy","-40"
"flagship","40"
"flaw","-40"
"flawed","-60"
"flawless","40"
"flawlessly","40"
"flaws","-40"
"flees","-20"
"flop","-40"
"flops","-40"
"flu","-40"
"flustered","-40"
"focused","40"
"fond","40"
"fondness","40"
"fool","-40"
"foolish","-40"
"fools","-40"
"forbid","-20"
"forbidden","-40"
"forbidding","-40"
"forced","-20"
"foreclosure","-40"
"foreclosures","-40"
"forefront","20"
"forget","-20"
"forgetful","-40"
"forgettable","-20"
"forgive","20"
"forgiving","20"
"forgot","-20"
"forgotten","-20"
"fortune","40"
"fortunate","40"
"fortunately","40"
"foul","-60"
"frantic","-20"
"fraud","-80"
"frauds","-80"
"fraudster","-80"
"fraudsters","-80"
"fraudulence","-80"
"fraudulent","-80"
"freak","-40"
"free","20"
"freedom","40"
"freedoms","40"
"frenzy","-60"
"fresh","20"
"friend","20"
"friendliness","40"
"friendly","40"
"friendship","40"
"fright","-40"
"frightened","-40"
"frightening","-60"
"frikin","-40"
"frisky","40"
"frowning","-20"
"fruitless","-40"
"frustrate","-40"
"frustrated","-40"
"frustrates","-40"
"frustrating","-40"
"frustration","-40"
"ftw","60"
"fuck","-80"
"fucked","-80"
"fucker","-80"
"fuckers","-80"
"fuckface","-80"
"fuckhead","-80"
"fuckin","-80"
"fucking","-80"
"fucking amazing","80"
"fucking beautiful","80"
"fucking cute","80"
"fucking fantastic","80"
"fucking good","80"
"fucking great","80"
"fucking hot","40"
"fucking love","80"
"fucking loves","80"
"fucking perfect","80"
"fucktard","-80"
"fud","-60"
"fuked","-80"
"fuking","-80"
"fulfill","40"
"fulfilled","40"
"fulfillment","40"
"fulfills","40"
"fuming","-40"
"fun","80"
"funeral","-20"
"funerals","-20"
"funky","40"
"funnier","80"
"funny","80"
"furious","-60"
"futile","-40"
"gag","-40"
"gagged","-40"
"gain","40"
"gained","40"
"gaining","40"
"gains","40"
"gallant","60"
"gallantly","60"
"gallantry","60"
"game-changing","60"
"garbage","-20"
"gem","60"
"generous","40"
"generously","40"
"genial","60"
"ghastly","-40"
"ghost","-20"
"giddy","-40"
"gift","40"
"glad","60"
"glamorous","60"
"glamourous","60"
"glee","60"
"gleeful","60"
"gloom","-20"
"gloomy","-40"
"glorious","40"
"glory","40"
"glum","-40"
"god","20"
"goddamn","-60"
"godsend","80"
"gold","40"
"good","60"
"goodlooking","60"
"goodmorning","20"
"goodness","60"
"goodwill","60"
"goofiness","-40"
"goofy","-40"
"grace","20"
"graceful","40"
"gracious","60"
"grand","60"
"grant","20"
"granted","20"
"granting","20"
"grants","20"
"grateful","60"
"gratification","40"
"grave","-40"
"gray","-20"
"grisly","-40"
"gr8","60"
"great","60"
"greater","60"
"greatest","60"
"greed","-60"
"greedy","-40"
"green wash","-60"
"green washing","-60"
"greenwash","-60"
"greenwasher","-60"
"greenwashers","-60"
"greenwashing","-60"
"greet","20"
"greeted","20"
"greeting","20"
"greetings","40"
"greets","20"
"grey","-20"
"grief","-40"
"grieved","-40"
"grim","-40"
"gripping","40"
"groan","-40"
"groaned","-40"
"groaning","-40"
"groans","-40"
"gross","-40"
"growing","20"
"growth","40"
"growths","40"
"gruesome","-60"
"guarantee","20"
"guilt","-60"
"guilty","-60"
"gullibility","-40"
"gullible","-40"
"gun","-20"
"ha","40"
"hacked","-20"
"haha","60"
"hahaha","60"
"hahahah","60"
"hail","40"
"hailed","40"
"hallelujah","60"
"handpicked","20"
"handsome","60"
"hapless","-40"
"haplessness","-40"
"happiest","60"
"happiness","60"
"happy","60"
"harass","-60"
"harassed","-60"
"harasses","-60"
"harassing","-60"
"harassment","-60"
"hard","-20"
"hardier","40"
"hardship","-40"
"hardy","40"
"harm","-40"
"harmed","-40"
"harmful","-40"
"harming","-40"
"harmony","40"
"harmonious","40"
"harmoniously","40"
"harms","-40"
"harried","-40"
"harsh","-40"
"harsher","-40"
"harshest","-40"
"harshly","-40"
"hate","-60"
"hated","-60"
"hater","-60"
"haters","-60"
"hates","-60"
"hating","-60"
"hatred","-60"
"haunt","-20"
"haunted","-40"
"haunting","20"
"haunts","-20"
"havoc","-40"
"hazardous","-60"
"headache","-40"
"healthy","40"
"heartbreaking","-60"
"heartbroken","-60"
"heartfelt","60"
"heartless","-40"
"heartwarming","60"
"heaven","40"
"heavenly","80"
"heavyhearted","-40"
"hehe","40"
"hell","-80"
"hellish","-40"
"help","40"
"helpful","40"
"helping","40"
"helpless","-40"
"helps","40"
"hero","40"
"heroes","40"
"heroic","60"
"hesitant","-40"
"hesitate","-40"
"hid","-20"
"hide","-20"
"hideous","-60"
"hides","-20"
"hiding","-20"
"highlight","40"
"hilarious","40"
"hinder","-40"
"hindrance","-40"
"hoax","-40"
"hollow","-20"
"homeless","-40"
"homesick","-40"
"homicide","-40"
"homicides","-40"
"honest","40"
"honor","40"
"honored","40"
"honoring","40"
"honour","40"
"honoured","40"
"honouring","40"
"hooligan","-40"
"hooliganism","-40"
"hooligans","-40"
"hope","40"
"hopeful","40"
"hopefully","40"
"hopeless","-40"
"hopelessness","-40"
"hopes","40"
"hoping","40"
"horrendous","-60"
"horrid","-60"
"horrible","-60"
"horrific","-60"
"horrified","-60"
"hospitalized","-40"
"hostile","-40"
"huckster","-40"
"hug","40"
"huge","20"
"hugs","40"
"humane","40"
"humble","20"
"humbug","-40"
"humerous","60"
"humiliated","-60"
"humiliation","-60"
"humor","40"
"humorous","40"
"humour","40"
"humourous","40"
"hunger","-40"
"hurrah","100"
"hurt","-40"
"hurting","-40"
"hurts","-40"
"hypocritical","-40"
"hysteria","-60"
"hysterical","-60"
"hysterics","-60"
"icky","-60"
"idiocy","-60"
"idiot","-60"
"idiotic","-60"
"ignorance","-40"
"ignorant","-40"
"ignore","-20"
"ignored","-40"
"ignores","-20"
"ill","-40"
"ill-fated","-40"
"illegal","-60"
"illegally","-60"
"illegitimate","-60"
"illiteracy","-40"
"illness","-40"
"illnesses","-40"
"illogical","-40"
"imaginative","40"
"imbecile","-60"
"immobilized","-20"
"immortal","40"
"immune","20"
"impair","-40"
"impaired","-40"
"impairing","-40"
"impairment","-40"
"impairs","-40"
"impatient","-40"
"impeachment","-60"
"impeachments","-60"
"impede","-40"
"impeded","-40"
"impedes","-40"
"impeding","-40"
"impedingly","-40"
"imperfect","-40"
"importance","40"
"important","40"
"impose","-20"
"imposed","-20"
"imposes","-20"
"imposing","-20"
"imposter","-40"
"impotent","-40"
"impress","60"
"impressed","60"
"impresses","60"
"impressive","60"
"imprisoned","-40"
"imprisonment","-40"
"improper","-40"
"improperly","-40"
"improve","40"
"improved","40"
"improvement","40"
"improves","40"
"improving","40"
"inability","-40"
"inaction","-40"
"inadequate","-40"
"inadvertently","-40"
"inappropriate","-40"
"incapable","-40"
"incapacitated","-40"
"incapacitates","-40"
"incapacitating","-40"
"incense","-40"
"incensed","-40"
"incenses","-40"
"incensing","-40"
"incoherent","-40"
"incompetence","-40"
"incompetent","-40"
"incomplete","-20"
"incomprehensible","-40"
"inconsiderate","-40"
"inconvenience","-40"
"inconvenient","-40"
"increase","20"
"increased","20"
"indecisive","-40"
"indestructible","40"
"indicted","-40"
"indifference","-40"
"indifferent","-40"
"indignant","-40"
"indignation","-40"
"indoctrinate","-40"
"indoctrinated","-40"
"indoctrinates","-40"
"indoctrinating","-40"
"inediable","-40"
"inexorable","-60"
"inexcusable","-60"
"ineffective","-40"
"ineffectively","-40"
"ineffectual","-40"
"inefficiency","-40"
"inefficient","-40"
"inefficiently","-40"
"inept","-40"
"ineptitude","-40"
"infantile","-40"
"infantilized","-40"
"infatuated","40"
"infatuation","40"
"infect","-40"
"infected","-40"
"infecting","-40"
"infection","-40"
"infections","-40"
"infectious","-40"
"infects","-40"
"inferior","-40"
"infest","-40"
"infested","-40"
"infesting","-40"
"infests","-40"
"inflamed","-40"
"inflict","-40"
"inflicted","-40"
"inflicting","-40"
"inflicts","-40"
"influential","40"
"infract","-40"
"infracted","-40"
"infracting","-40"
"infracts","-40"
"infringement","-40"
"infuriate","-40"
"infuriated","-40"
"infuriates","-40"
"infuriating","-40"
"inhibit","-20"
"inhuman","-40"
"injured","-40"
"injuries","-40"
"injury","-40"
"injustice","-40"
"innovate","20"
"innovates","20"
"innovation","20"
"innovative","40"
"inoperative","-40"
"inquisition","-40"
"inquisitive","40"
"insane","-40"
"insanity","-40"
"insecure","-40"
"insensitive","-40"
"insensitivity","-40"
"insignificant","-40"
"insipid","-40"
"insolvent","-40"
"insomnia","-40"
"inspiration","40"
"inspirational","40"
"inspire","40"
"inspired","40"
"inspires","40"
"inspiring","60"
"insufficiency","-40"
"insufficient","-40"
"insufficiently","-40"
"insult","-40"
"insulted","-40"
"insulting","-40"
"insults","-40"
"intact","40"
"integrity","40"
"intelligent","40"
"intense","20"
"interest","20"
"interested","40"
"interesting","40"
"interests","20"
"interrogated","-40"
"interrupt","-40"
"interrupted","-40"
"interrupting","-40"
"interruption","-40"
"interrupts","-40"
"intimacy","40"
"intimidate","-40"
"intimidated","-40"
"intimidates","-40"
"intimidating","-40"
"intimidation","-40"
"intransigence","-40"
"intransigency","-40"
"intricate","40"
"intrigues","20"
"invasion","-20"
"invincible","40"
"invite","20"
"inviting","20"
"invulnerable","40"
"irate","-60"
"ironic","-20"
"irony","-20"
"irrational","-20"
"irreparable","-40"
"irreproducible","-40"
"irresistible","40"
"irresistibly","40"
"irresolute","-40"
"irresponsible","-40"
"irresponsibly","-40"
"irreversible","-20"
"irreversibly","-20"
"irritate","-60"
"irritated","-60"
"irritates","-60"
"irritating","-60"
"isolated","-20"
"itchy","-40"
"jackass","-80"
"jackasses","-80"
"jailed","-40"
"jaunty","40"
"jealous","-40"
"jealousy","-40"
"jeopardy","-40"
"jerk","-60"
"jesus","20"
"jewel","20"
"jewels","20"
"jocular","40"
"join","20"
"joke","40"
"jokes","40"
"jolly","40"
"jovial","40"
"joy","60"
"joyful","60"
"joyfully","60"
"joyless","-40"
"joyous","60"
"jubilant","60"
"jumpy","-20"
"justice","40"
"justifiably","40"
"justified","40"
"keen","20"
"kickback","-60"
"kickbacks","-60"
"kidnap","-40"
"kidnapped","-40"
"kidnapping","-40"
"kidnappings","-40"
"kidnaps","-40"
"kill","-60"
"killed","-60"
"killing","-60"
"kills","-60"
"kind","40"
"kind of","0"
"kinder","40"
"kindness","40"
"kiss","40"
"kudos","60"
"lack","-40"
"lackadaisical","-40"
"lag","-20"
"lagged","-40"
"lagging","-40"
"lags","-40"
"lame","-40"
"landmark","40"
"lapse","-20"
"lapsed","-20"
"laugh","20"
"laughed","20"
"laughing","20"
"laughs","20"
"laughting","20"
"launched","20"
"lawl","60"
"lawsuit","-40"
"lawsuits","-40"
"lazy","-20"
"leadership","20"
"leading","40"
"leak","-20"
"leaked","-20"
"leave","-20"
"legal","20"
"legally","20"
"lenient","20"
"lethal","-40"
"lethality","-40"
"lethargic","-40"
"lethargy","-40"
"liar","-60"
"liars","-60"
"libelous","-40"
"lied","-40"
"lifeless","-20"
"lifesaver","80"
"lighthearted","20"
"likable","40"
"like","40"
"likeable","40"
"liked","40"
"likers","40"
"likes","40"
"liking","40"
"limitation","-20"
"limited","-20"
"limits","-20"
"litigation","-20"
"litigious","-40"
"lively","40"
"livid","-40"
"lmao","80"
"lmfao","80"
"loathe","-60"
"loathed","-60"
"loathes","-60"
"loathing","-60"
"loathsome","-60"
"lobbied","-40"
"lobby","-40"
"lobbying","-40"
"lobbyist","-40"
"lobbyists","-40"
"lol","60"
"lolol","80"
"lololol","80"
"lolololol","80"
"lonely","-40"
"lonesome","-40"
"longing","-20"
"lool","60"
"loom","-20"
"loomed","-20"
"looming","-20"
"looms","-20"
"loool","60"
"looool","60"
"loose","-60"
"looses","-60"
"loser","-60"
"losing","-60"
"loss","-60"
"losses","-60"
"lost","-60"
"lousy","-40"
"lovable","60"
"love","60"
"loved","60"
"lovelies","60"
"lovely","60"
"loves","60"
"loving","40"
"loving-kindness","60"
"lowest","-20"
"loyal","60"
"loyalty","60"
"luck","60"
"luckily","60"
"lucky","60"
"lucrative","60"
"ludicrous","-60"
"lugubrious","-40"
"lunatic","-60"
"lunatics","-60"
"lurk","-20"
"lurking","-20"
"lurks","-20"
"luxury","40"
"macabre","-40"
"mad","-60"
"maddening","-60"
"made-up","-20"
"madly","-60"
"madness","-60"
"magnificent","60"
"maladaption","-40"
"maldevelopment","-40"
"maltreatment","-40"
"mandatory","-20"
"manipulated","-20"
"manipulating","-20"
"manipulation","-20"
"manslaughter","-60"
"marvel","60"
"marvelous","60"
"marvels","60"
"masterpiece","80"
"masterpieces","80"
"matter","20"
"matters","20"
"mature","40"
"meaningful","40"
"meaningless","-40"
"medal","60"
"mediocrity","-60"
"meditative","20"
"melancholy","-40"
"memorable","20"
"memoriam","-40"
"menace","-40"
"menaced","-40"
"menaces","-40"
"mercy","40"
"merry","60"
"mesmerizing","60"
"mess","-40"
"messed","-40"
"messing up","-40"
"methodical","40"
"methodically","40"
"mindless","-40"
"miracle","80"
"mirth","60"
"mirthful","60"
"mirthfully","60"
"misbehave","-40"
"misbehaved","-40"
"misbehaves","-40"
"misbehaving","-40"
"misbranding","-60"
"miscast","-40"
"mischief","-20"
"mischiefs","-20"
"misclassified","-40"
"misclassifies","-40"
"misclassify","-40"
"misconduct","-40"
"misconducted","-40"
"misconducting","-40"
"misconducts","-40"
"miserable","-60"
"miserably","-60"
"misery","-40"
"misfire","-40"
"misfortune","-40"
"misgiving","-40"
"misinformation","-40"
"misinformed","-40"
"misinterpreted","-40"
"mislead","-60"
"misleaded","-60"
"misleading","-60"
"misleads","-60"
"misplace","-40"
"misplaced","-40"
"misplaces","-40"
"misplacing","-40"
"mispricing","-60"
"misread","-20"
"misreport","-40"
"misreported","-40"
"misreporting","-40"
"misreports","-40"
"misrepresent","-40"
"misrepresentation","-40"
"misrepresentations","-40"
"misrepresented","-40"
"misrepresenting","-40"
"misrepresents","-40"
"miss","-40"
"missed","-40"
"missing","-40"
"mistake","-40"
"mistaken","-40"
"mistakes","-40"
"mistaking","-40"
"misunderstand","-40"
"misunderstanding","-40"
"misunderstands","-40"
"misunderstood","-40"
"misuse","-40"
"misused","-40"
"misuses","-40"
"misusing","-40"
"moan","-40"
"moaned","-40"
"moaning","-40"
"moans","-40"
"mock","-40"
"mocked","-40"
"mocking","-40"
"mocks","-40"
"modernize","40"
"modernized","40"
"modernizes","40"
"modernizing","40"
"mongering","-40"
"monopolize","-40"
"monopolized","-40"
"monopolizes","-40"
"monopolizing","-40"
"monotone","-20"
"moody","-20"
"mope","-20"
"moping","-20"
"moron","-60"
"motherfucker","-100"
"motherfucking","-100"
"motivate","20"
"motivated","40"
"motivating","40"
"motivation","20"
"mourn","-40"
"mourned","-40"
"mournful","-40"
"mourning","-40"
"mourns","-40"
"muddy","-40"
"mumpish","-40"
"murder","-40"
"murderer","-40"
"murdering","-60"
"murderous","-60"
"murders","-40"
"murky","-40"
"myth","-20"
"n00b","-40"
"naive","-40"
"narcissism","-40"
"nasty","-60"
"natural","20"
"needy","-40"
"negative","-40"
"negativity","-40"
"neglect","-40"
"neglected","-40"
"neglecting","-40"
"neglects","-40"
"nerves","-20"
"nervous","-40"
"nervously","-40"
"nice","60"
"nifty","40"
"niggas","-100"
"nigger","-100"
"no","-20"
"no fun","-60"
"noble","40"
"noblest","40"
"noisy","-20"
"non-approved","-40"
"nonsense","-40"
"noob","-40"
"nosey","-40"
"not good","-40"
"not working","-60"
"notable","40"
"noticeable","40"
"notorious","-40"
"novel","40"
"numb","-20"
"nurturing","40"
"nuts","-60"
"obliterate","-40"
"obliterated","-40"
"obnoxious","-60"
"obscene","-40"
"obscenity","-40"
"obsessed","40"
"obsolete","-40"
"obstacle","-40"
"obstacles","-40"
"obstinate","-40"
"obstruct","-40"
"obstructed","-40"
"obstructing","-40"
"obstruction","-40"
"obstructs","-40"
"odd","-40"
"offence","-40"
"offences","-40"
"offend","-40"
"offended","-40"
"offender","-40"
"offending","-40"
"offends","-40"
"offense","-40"
"offenses","-40"
"offensive","-40"
"offensively","-40"
"offline","-20"
"oks","40"
"ominous","60"
"once-in-a-lifetime","60"
"oops","-40"
"opportunities","40"
"opportunity","40"
"oppressed","-40"
"oppression","-40"
"oppressions","-40"
"oppressive","-40"
"optimism","40"
"optimistic","40"
"optionless","-40"
"ostracize","-40"
"ostracized","-40"
"ostracizes","-40"
"ouch","-40"
"outage","-40"
"outages","-40"
"outbreak","-40"
"outbreaks","-40"
"outcry","-40"
"outmaneuvered","-40"
"outnumbered","-40"
"outrage","-60"
"outraged","-60"
"outrageous","-60"
"outreach","40"
"outstanding","100"
"overjoyed","80"
"overload","-20"
"overlooked","-20"
"overprotective","-40"
"overran","-40"
"overreact","-40"
"overreacted","-40"
"overreacting","-40"
"overreaction","-40"
"overreacts","-40"
"oversell","-40"
"overselling","-40"
"oversells","-40"
"oversight","-20"
"oversimplification","-40"
"oversimplified","-40"
"oversimplifies","-40"
"oversimplify","-40"
"oversold","-40"
"overstatement","-40"
"overstatements","-40"
"overweight","-20"
"overwrought","-60"
"oxymoron","-20"
"pain","-40"
"pained","-40"
"painful","-40"
"panic","-60"
"panicked","-60"
"panics","-60"
"paradise","60"
"paradox","-20"
"pardon","40"
"pardoned","40"
"pardoning","40"
"pardons","40"
"parley","-20"
"passion","20"
"passionate","40"
"passive","-20"
"passively","-20"
"pathetic","-40"
"pay","-20"
"peace","40"
"peaceful","40"
"peacefully","40"
"penalize","-40"
"penalized","-40"
"penalizes","-40"
"penalizing","-40"
"penalty","-40"
"pensive","-20"
"perfect","60"
"perfected","40"
"perfection","60"
"perfectly","60"
"perfects","40"
"peril","-40"
"perjury","-60"
"perpetrated","-40"
"perpetrator","-40"
"perpetrators","-40"
"perplexed","-40"
"persecute","-40"
"persecuted","-40"
"persecutes","-40"
"persecuting","-40"
"perturbed","-40"
"pervert","-60"
"pesky","-40"
"pessimism","-40"
"pessimistic","-40"
"petrified","-40"
"philanthropy","40"
"phobic","-40"
"picturesque","40"
"pileup","-20"
"pillage","-40"
"pique","-40"
"piqued","-40"
"piss","-80"
"pissed","-80"
"pissing","-60"
"piteous","-40"
"pitied","-20"
"pity","-40"
"plague","-60"
"plagued","-60"
"plagues","-60"
"plaguing","-60"
"playful","40"
"pleasant","60"
"please","20"
"pleased","60"
"pleasurable","60"
"pleasure","60"
"plodding","-40"
"poignant","40"
"pointless","-40"
"poised","-40"
"poison","-40"
"poisoned","-40"
"poisons","-40"
"polished","40"
"polite","40"
"politeness","40"
"pollutant","-40"
"pollute","-40"
"polluted","-40"
"polluter","-40"
"polluters","-40"
"pollutes","-40"
"pollution","-40"
"poor","-40"
"poorer","-40"
"poorest","-40"
"poorly","-40"
"popular","60"
"popularity","60"
"positive","40"
"positively","40"
"possessive","-40"
"post-traumatic","-40"
"postpone","-20"
"postponed","-20"
"postpones","-20"
"postponing","-20"
"poverty","-20"
"powerful","40"
"powerless","-40"
"praise","60"
"praised","60"
"praises","60"
"praising","60"
"pray","20"
"praying","20"
"prays","20"
"prblm","-40"
"prblms","-40"
"predatory","-40"
"prepared","20"
"pressure","-20"
"pressured","-40"
"pretend","-20"
"pretending","-20"
"pretends","-20"
"pretty","20"
"prevent","-20"
"prevented","-20"
"preventing","-20"
"prevents","-20"
"prick","-100"
"prison","-40"
"prisoner","-40"
"prisoners","-40"
"privileged","40"
"proactive","40"
"problem","-40"
"problems","-40"
"profit","40"
"profitable","40"
"profiteer","-40"
"profits","40"
"progress","40"
"prohibit","-20"
"prohibits","-20"
"prominent","40"
"promise","20"
"promised","20"
"promises","20"
"promote","20"
"promoted","20"
"promotes","20"
"promoting","20"
"promptly","20"
"propaganda","-40"
"prosecute","-20"
"prosecuted","-40"
"prosecutes","-20"
"prosecution","-20"
"prospect","20"
"prospects","20"
"prosperity","60"
"prosperous","60"
"protect","20"
"protected","20"
"protects","20"
"protest","-40"
"protesters","-40"
"protesting","-40"
"protests","-40"
"proud","40"
"proudly","40"
"provoke","-20"
"provoked","-20"
"provokes","-20"
"provoking","-20"
"prudence","40"
"pseudoscience","-60"
"psychopathic","-40"
"punish","-40"
"punished","-40"
"punishes","-40"
"punishing","-40"
"punitive","-40"
"pure","20"
"purest","20"
"purposeful","40"
"pushy","-20"
"puzzled","-40"
"quaking","-40"
"qualities","40"
"quality","40"
"questionable","-40"
"questioned","-20"
"questioning","-20"
"racism","-60"
"racist","-60"
"racists","-60"
"rage","-40"
"rageful","-40"
"rainy","-20"
"rant","-60"
"ranter","-60"
"ranters","-60"
"rants","-60"
"rape","-80"
"raped","-80"
"rapist","-80"
"rapture","40"
"raptured","40"
"raptures","40"
"rapturous","80"
"rash","-40"
"ratified","40"
"reach","20"
"reached","20"
"reaches","20"
"reaching","20"
"reassure","20"
"reassured","20"
"reassures","20"
"reassuring","40"
"rebel","-40"
"rebellion","-40"
"rebels","-40"
"recession","-40"
"reckless","-40"
"recognition","40"
"recommend","40"
"recommended","40"
"recommends","40"
"redeemed","40"
"refine","20"
"refined","20"
"refines","20"
"refreshingly","40"
"refuse","-40"
"refused","-40"
"refuses","-40"
"refusing","-40"
"regret","-40"
"regretful","-40"
"regrets","-40"
"regretted","-40"
"regretting","-40"
"reigning","20"
"reject","-20"
"rejected","-20"
"rejecting","-20"
"rejection","-40"
"rejects","-20"
"rejoice","80"
"rejoiced","80"
"rejoices","80"
"rejoicing","80"
"relaxed","40"
"relentless","-20"
"reliability","40"
"reliable","40"
"reliably","40"
"reliant","40"
"relieve","20"
"relieved","40"
"relieves","20"
"relieving","40"
"relishing","40"
"remarkable","40"
"remorse","-40"
"repellent","-40"
"repercussion","-40"
"repercussions","-40"
"reprimand","-40"
"reprimanded","-40"
"reprimanding","-40"
"reprimands","-40"
"repulse","-20"
"repulsed","-40"
"repulsive","-40"
"rescue","40"
"rescued","40"
"rescues","40"
"resentful","-40"
"resign","-20"
"resigned","-20"
"resigning","-20"
"resigns","-20"
"resolute","40"
"resolution","40"
"resolve","40"
"resolved","40"
"resolves","40"
"resolving","40"
"respect","40"
"respected","40"
"respects","40"
"responsibility","20"
"responsible","40"
"responsive","40"
"restful","40"
"restless","-40"
"restore","20"
"restored","20"
"restores","20"
"restoring","20"
"restrict","-40"
"restricted","-40"
"restricting","-40"
"restriction","-40"
"restrictive","-20"
"restricts","-40"
"retained","-20"
"retard","-40"
"retarded","-40"
"retreat","-20"
"revenge","-40"
"revengeful","-40"
"revered","40"
"revive","40"
"revives","40"
"revolting","-40"
"reward","40"
"rewarded","40"
"rewarding","40"
"rewards","40"
"rich","40"
"richly","40"
"ridiculous","-60"
"rig","-20"
"rigged","-20"
"right direction","60"
"righteousness","40"
"rightful","40"
"rightfully","40"
"rigorous","60"
"rigorously","60"
"riot","-40"
"riots","-40"
"rise","20"
"rises","20"
"risk","-40"
"risks","-40"
"risky","-40"
"riveting","60"
"rob","-40"
"robber","-40"
"robed","-40"
"robing","-40"
"robs","-40"
"robust","40"
"rofl","80"
"roflcopter","80"
"roflmao","80"
"romance","40"
"romantical","40"
"romantically","40"
"rose","20"
"rotfl","80"
"rotflmfao","80"
"rotflol","80"
"rotten","-60"
"rude","-40"
"ruin","-40"
"ruined","-40"
"ruining","-40"
"ruins","-40"
"sabotage","-40"
"sad","-40"
"sadden","-40"
"saddened","-40"
"sadly","-40"
"safe","20"
"safely","20"
"safer","40"
"safety","20"
"salient","20"
"salute","40"
"saluted","40"
"salutes","40"
"saluting","40"
"salvation","40"
"sappy","-20"
"sarcastic","-40"
"satisfied","40"
"savange","-40"
"savanges","-40"
"save","40"
"saved","40"
"savings","20"
"scam","-40"
"scams","-40"
"scandal","-60"
"scandalous","-60"
"scandals","-60"
"scapegoat","-40"
"scapegoats","-40"
"scare","-40"
"scared","-40"
"scar","-40"
"scars","-40"
"scary","-40"
"sceptical","-40"
"scold","-40"
"scoop","60"
"scorn","-40"
"scornful","-40"
"scream","-40"
"screamed","-40"
"screaming","-40"
"screams","-40"
"screwed","-40"
"screwed up","-60"
"scum","-60"
"scumbag","-80"
"seamless","40"
"seamlessly","40"
"secure","40"
"secured","40"
"secures","40"
"sedition","-40"
"seditious","-40"
"seduced","-20"
"self-abuse","-40"
"self-confident","40"
"self-contradictory","-40"
"self-deluded","-40"
"selfish","-60"
"selfishness","-60"
"sentence","-40"
"sentenced","-40"
"sentences","-40"
"sentencing","-40"
"serene","40"
"settlement","20"
"settlements","20"
"severe","-40"
"severely","-40"
"sexist","-40"
"sexistic","-40"
"sexy","60"
"shaky","-40"
"shame","-40"
"shamed","-40"
"shameful","-40"
"share","20"
"shared","20"
"shares","20"
"shattered","-40"
"shit","-80"
"shithead","-80"
"shitty","-60"
"shock","-40"
"shocked","-40"
"shocking","-40"
"shocks","-40"
"shoody","-40"
"shoot","-20"
"short-sighted","-40"
"short-sightedness","-40"
"shortage","-40"
"shortages","-40"
"shrew","-80"
"shy","-20"
"sick","-40"
"sickness","-40"
"side-effect","-40"
"side-effects","-40"
"sigh","-40"
"significance","20"
"significant","20"
"silencing","-20"
"silly","-20"
"simplicity","20"
"sin","-40"
"sincere","40"
"sincerely","40"
"sincerest","40"
"sincerity","40"
"sinful","-60"
"singleminded","-40"
"sinister","-40"
"sins","-40"
"skeptic","-40"
"skeptical","-40"
"skepticism","-40"
"skeptics","-40"
"slam","-40"
"slash","-40"
"slashed","-40"
"slashes","-40"
"slashing","-40"
"slave","-60"
"slavery","-60"
"slaves","-60"
"sleeplessness","-40"
"slick","40"
"slicker","40"
"slickest","40"
"slip","-20"
"sloppy","-40"
"sluggish","-40"
"slumping","-20"
"slut","-100"
"smart","20"
"smarter","40"
"smartest","40"
"smear","-40"
"smile","40"
"smiled","40"
"smiles","40"
"smiling","40"
"smog","-40"
"smuggle","-40"
"smuggled","-40"
"smuggling","-40"
"smuggles","-40"
"sneaky","-20"
"sneeze","-40"
"sneezed","-40"
"sneezes","-40"
"sneezing","-40"
"snub","-40"
"snubbed","-40"
"snubbing","-40"
"snubs","-40"
"sobering","20"
"solemn","-20"
"solid","40"
"solidarity","40"
"solidified","40"
"solidifies","40"
"solidify","40"
"solidifying","40"
"solution","20"
"solutions","20"
"solve","20"
"solved","20"
"solves","20"
"solving","20"
"somber","-40"
"some kind","0"
"son-of-a-bitch","-100"
"soothe","60"
"soothed","60"
"soothing","60"
"sophisticated","40"
"sore","-20"
"sorrow","-40"
"sorrowful","-40"
"sorry","-20"
"spacious","20"
"spam","-40"
"spammer","-60"
"spammers","-60"
"spamming","-40"
"spark","20"
"sparkle","60"
"sparkles","60"
"sparkling","60"
"spearhead","40"
"speculative","-40"
"spirit","20"
"spirited","40"
"spiritless","-40"
"spiteful","-40"
"splendid","60"
"spoiled","-40"
"spoilt","-40"
"spotless","40"
"sprightly","40"
"squander","-40"
"squandered","-40"
"squandering","-40"
"squanders","-40"
"squelched","-20"
"stab","-40"
"stabbed","-40"
"stable","40"
"stabs","-40"
"stall","-40"
"stalled","-40"
"stalling","-40"
"stamina","40"
"stampede","-40"
"stank","-40"
"startled","-40"
"startling","60"
"starve","-40"
"starved","-40"
"starves","-40"
"starving","-40"
"steadfast","40"
"steal","-40"
"stealing","-40"
"steals","-40"
"stereotype","-40"
"stereotyped","-40"
"stifled","-20"
"stimulate","20"
"stimulated","20"
"stimulates","20"
"stimulating","40"
"stingy","-40"
"stink","-40"
"stinked","-40"
"stinker","-40"
"stinking","-40"
"stinks","-40"
"stinky","-40"
"stole","-40"
"stolen","-40"
"stop","-20"
"stopped","-20"
"stopping","-20"
"stops","-20"
"stout","40"
"straight","20"
"strange","-20"
"strangely","-20"
"strangled","-40"
"strength","40"
"strengthen","40"
"strengthened","40"
"strengthening","40"
"strengthens","40"
"strengths","40"
"stress","-20"
"stressed","-40"
"stressor","-40"
"stressors","-40"
"stricken","-40"
"strike","-20"
"strikers","-40"
"strikes","-20"
"strong","40"
"stronger","40"
"strongest","40"
"struck","-20"
"struggle","-40"
"struggled","-40"
"struggles","-40"
"struggling","-40"
"stubborn","-40"
"stuck","-40"
"stunned","-40"
"stunning","80"
"stupid","-40"
"stupidity","-60"
"stupidly","-40"
"suave","40"
"subpoena","-40"
"substantial","20"
"substantially","20"
"subversive","-40"
"succeed","60"
"succeeded","60"
"succeeding","60"
"succeeds","60"
"success","40"
"successful","60"
"successfully","60"
"suck","-60"
"sucks","-60"
"sue","-40"
"sued","-40"
"sueing","-40"
"sues","-40"
"suffer","-40"
"suffered","-40"
"sufferer","-40"
"sufferers","-40"
"suffering","-40"
"suffers","-40"
"suicidal","-40"
"suicide","-40"
"suicides","-40"
"suing","-40"
"suitable","40"
"suited","40"
"sulking","-40"
"sulky","-40"
"sullen","-40"
"sunshine","40"
"super","60"
"superb","100"
"superior","40"
"support","40"
"supported","40"
"supporter","20"
"supporters","20"
"supporting","20"
"supportive","40"
"supports","40"
"supreme","80"
"survived","40"
"surviving","40"
"survivor","40"
"suspect","-20"
"suspected","-20"
"suspecting","-20"
"suspects","-20"
"suspend","-20"
"suspended","-20"
"suspicious","-40"
"sustainability","20"
"sustainable","40"
"sustainably","40"
"swear","-40"
"swearing","-40"
"swears","-40"
"sweet","40"
"sweeter","60"
"sweetest","60"
"swift","40"
"swiftly","40"
"swindle","-60"
"swindles","-60"
"swindling","-60"
"sympathetic","40"
"sympathy","40"
"taint","-40"
"tainted","-40"
"talent","40"
"tard","-40"
"tarnish","-40"
"tarnished","-40"
"tarnishes","-40"
"tears","-40"
"tender","40"
"tenderness","40"
"tense","-40"
"tension","-20"
"terrible","-60"
"terribly","-60"
"terrific","80"
"terrifically","80"
"terrified","-60"
"terror","-60"
"terrorist","-40"
"terrorists","-40"
"terrorize","-60"
"terrorized","-60"
"terrorizes","-60"
"thank","40"
"thankful","40"
"thanks","40"
"thorny","-40"
"thoughtful","40"
"thoughtless","-40"
"threat","-40"
"threaten","-40"
"threatened","-40"
"threatening","-40"
"threatens","-40"
"threats","-40"
"thrilled","100"
"thwart","-40"
"thwarted","-40"
"thwarting","-40"
"thwarts","-40"
"timid","-40"
"timorous","-40"
"tired","-40"
"tits","-40"
"tolerance","40"
"tolerant","40"
"toothless","-40"
"top","40"
"tops","40"
"torn","-40"
"torture","-80"
"tortured","-80"
"tortures","-80"
"torturing","-80"
"totalitarian","-40"
"totalitarianism","-40"
"tout","-40"
"touted","-40"
"touting","-40"
"touts","-40"
"toxic","-60"
"tragedies","-40"
"tragedy","-40"
"tragic","-40"
"tranquil","40"
"transgress","-40"
"transgressed","-40"
"transgresses","-40"
"transgressing","-40"
"trap","-20"
"trapped","-40"
"traps","-20"
"trauma","-60"
"traumatic","-60"
"travesty","-40"
"treason","-60"
"treasonous","-60"
"treasure","40"
"treasures","40"
"trembling","-40"
"tremor","-40"
"tremors","-40"
"tremulous","-40"
"tribulation","-40"
"tribute","40"
"tricked","-40"
"trickery","-40"
"triumph","80"
"triumphant","80"
"troll","-40"
"trouble","-40"
"troubled","-40"
"troubles","-40"
"troubling","-40"
"true","40"
"trust","20"
"trusted","40"
"trusts","20"
"tumor","-40"
"twat","-100"
"tyran","-60"
"tyrannic","-60"
"tyrannical","-60"
"tyrannically","-60"
"tyrans","-60"
"ubiquitous","40"
"ugh","-40"
"ugliness","-60"
"ugly","-60"
"unable","-40"
"unacceptable","-40"
"unappeasable","-40"
"unappreciated","-40"
"unapproved","-40"
"unattractive","-40"
"unavailable","-20"
"unavailing","-40"
"unaware","-40"
"unbearable","-40"
"unbelievable","-20"
"unbelieving","-20"
"unbiased","40"
"uncertain","-20"
"unclear","-20"
"uncomfortable","-40"
"unconcerned","-40"
"unconfirmed","-20"
"unconvinced","-20"
"uncredited","-20"
"undecided","-20"
"undercooked","-40"
"underestimate","-20"
"underestimated","-20"
"underestimates","-20"
"underestimating","-20"
"undermine","-40"
"undermined","-40"
"undermines","-40"
"undermining","-40"
"underperform","-40"
"underperformed","-40"
"underperforming","-40"
"underperforms","-40"
"undeserving","-40"
"undesirable","-40"
"uneasy","-40"
"unemployed","-20"
"unemployment","-40"
"unequal","-20"
"unequaled","40"
"unethical","-40"
"uneventful","-40"
"unfair","-40"
"unfavorable","-40"
"unfit","-40"
"unfitted","-40"
"unfocused","-40"
"unforgivable","-60"
"unforgiving","-40"
"unfulfilled","-40"
"unfunny","-40"
"ungenerous","-40"
"ungrateful","-60"
"unhappy","-40"
"unhappiness","-40"
"unhealthy","-40"
"unhygienic","-40"
"unified","20"
"unimaginative","-40"
"unimpressed","-40"
"uninspired","-40"
"unintelligent","-40"
"unintentional","-40"
"uninvolving","-40"
"united","20"
"unjust","-40"
"unlikely","-20"
"unlovable","-40"
"unloved","-40"
"unmatched","20"
"unmotivated","-40"
"unoriginal","-40"
"unparliamentary","-40"
"unpleasant","-40"
"unpleasantness","-40"
"unprofessional","-40"
"unravel","20"
"unreleting","-40"
"unresearched","-40"
"unsafe","-40"
"unsatisfied","-40"
"unscientific","-40"
"unsecured","-40"
"unselfish","40"
"unsettled","-20"
"unsold","-20"
"unsophisticated","-40"
"unsound","-40"
"unstable","-40"
"unstoppable","40"
"unsuccessful","-40"
"unsuccessfully","-40"
"unsupported","-40"
"unsure","-20"
"untarnished","40"
"untrue","-40"
"unwanted","-40"
"unworthy","-40"
"uplifting","40"
"uproar","-60"
"upset","-40"
"upsets","-40"
"upsetting","-40"
"uptight","-40"
"urgent","-20"
"useful","40"
"usefulness","40"
"useless","-40"
"uselessness","-40"
"vague","-40"
"validate","20"
"validated","20"
"validates","20"
"validating","20"
"vapid","-40"
"verdict","-20"
"verdicts","-20"
"vested","20"
"vexation","-40"
"vexing","-40"
"vibrant","60"
"vicious","-40"
"victim","-60"
"victimization","-60"
"victimize","-60"
"victimized","-60"
"victimizes","-60"
"victimizing","-60"
"victims","-60"
"victor","60"
"victors","60"
"victory","60"
"victories","60"
"vigilant","60"
"vigor","60"
"vile","-60"
"vindicate","40"
"vindicated","40"
"vindicates","40"
"vindicating","40"
"violate","-40"
"violated","-40"
"violates","-40"
"violating","-40"
"violation","-40"
"violations","-40"
"violence","-60"
"violence-related","-60"
"violent","-60"
"violently","-60"
"virtuous","40"
"virulent","-40"
"vision","20"
"visionary","60"
"visioning","20"
"visions","20"
"vitality","60"
"vitamin","20"
"vitriolic","-60"
"vivacious","60"
"vividly","40"
"vociferous","-20"
"vomit","-60"
"vomited","-60"
"vomiting","-60"
"vomits","-60"
"vulnerability","-40"
"vulnerable","-40"
"walkout","-40"
"walkouts","-40"
"wanker","-60"
"want","20"
"war","-40"
"warfare","-40"
"warm","20"
"warmhearted","40"
"warmness","40"
"warmth","40"
"warn","-40"
"warned","-40"
"warning","-60"
"warnings","-60"
"warns","-40"
"waste","-20"
"wasted","-40"
"wasting","-40"
"wavering","-20"
"weak","-40"
"weakened","-40"
"weakness","-40"
"weaknesses","-40"
"wealth","60"
"wealthier","40"
"wealthy","40"
"weary","-40"
"weep","-40"
"weeping","-40"
"weird","-40"
"welcome","40"
"welcomed","40"
"welcomes","40"
"well-being","40"
"well-championed","60"
"well-developed","40"
"well-established","40"
"well-focused","40"
"well-groomed","40"
"well-proportioned","40"
"whimsical","20"
"whitewash","-60"
"whore","-80"
"wicked","-40"
"widowed","-20"
"willingness","40"
"win","80"
"winner","80"
"winning","80"
"wins","80"
"winwin","60"
"wisdom","20"
"wish","20"
"wishes","20"
"wishing","20"
"withdrawal","-60"
"wits","40"
"woebegone","-40"
"woeful","-60"
"won","60"
"wonderful","80"
"wonderfully","80"
"woo","60"
"woohoo","60"
"wooo","80"
"woow","80"
"worn","-20"
"worried","-60"
"worries","-60"
"worry","-60"
"worrying","-60"
"worse","-60"
"worsen","-60"
"worsened","-60"
"worsening","-60"
"worsens","-60"
"worshiped","60"
"worst","-60"
"worth","40"
"worthless","-40"
"worthy","40"
"wow","80"
"wowow","80"
"wowww","80"
"wrathful","-60"
"wreck","-40"
"wrenching","-40"
"wrong","-40"
"wrongdoing","-40"
"wrongdoings","-40"
"wronged","-40"
"wrongful","-40"
"wrongfully","-40"
"wrongly","-40"
"wtf","-80"
"wtff","-80"
"wtfff","-80"
"xo","60"
"xoxo","60"
"xoxoxo","80"
"xoxoxoxo","80"
"yeah","20"
"yearning","20"
"yeees","40"
"yes","20"
"youthful","40"
"yucky","-40"
"yummy","60"
"zealot","-40"
"zealots","-40"
"zealous","40"
